-- phpMyAdmin SQL Dump
-- version 3.3.4
-- http://www.phpmyadmin.net
--
-- ä¸»æœº: localhost
-- ç”Ÿæˆæ—¥æœŸ: 2015 å¹?02 æœ?10 æ—?10:27
-- æœåŠ¡å™¨ç‰ˆæœ¬: 5.6.17
-- PHP ç‰ˆæœ¬: 5.5.12

SET SQL_MODE="NO_AUTO_VALUE_ON_ZERO";


/*!40101 SET @OLD_CHARACTER_SET_CLIENT=@@CHARACTER_SET_CLIENT */;
/*!40101 SET @OLD_CHARACTER_SET_RESULTS=@@CHARACTER_SET_RESULTS */;
/*!40101 SET @OLD_COLLATION_CONNECTION=@@COLLATION_CONNECTION */;
/*!40101 SET NAMES utf8 */;

--
-- æ•°æ®åº“: `langchao`
--

-- --------------------------------------------------------

--
-- è¡¨çš„ç»“æ„ `ldb_biil_order_list`
--

CREATE TABLE IF NOT EXISTS `ldb_biil_order_list` (
  `id` int(11) NOT NULL AUTO_INCREMENT,
  `work_order_id` int(11) NOT NULL COMMENT 'å·¥å•id',
  `type` enum('0','1') NOT NULL DEFAULT '0' COMMENT '0å»ç¨‹è´¹ç”¨/1è¿”ç¨‹è´¹ç”¨',
  `go_time` varchar(20) NOT NULL COMMENT 'å‡ºå‘æ—¶é—´',
  `arrival_time` varchar(20) NOT NULL COMMENT 'åˆ°è¾¾æ—¶é—´',
  `start_place` varchar(500) NOT NULL COMMENT 'èµ·å§‹åœ°',
  `arrival_place` varchar(500) NOT NULL COMMENT 'ç›®çš„åœ°',
  `transportation` int(11) NOT NULL DEFAULT '0' COMMENT 'äº¤é€šæ–¹å¼id',
  `transportation_fee` decimal(10,2) NOT NULL DEFAULT '0.00' COMMENT 'äº¤é€šè´¹',
  `hotel_fee` decimal(10,2) NOT NULL DEFAULT '0.00' COMMENT 'ä½å®¿è´¹',
  `food_fee` decimal(10,2) NOT NULL DEFAULT '0.00' COMMENT 'åŠ ç­é¤è´¹',
  `other_fee` decimal(10,2) NOT NULL DEFAULT '0.00' COMMENT 'å…¶ä»–è´¹ç”¨',
  `memo` varchar(500) NOT NULL COMMENT 'å¤‡æ³¨',
  `bill_no` varchar(255) NOT NULL COMMENT 'å•æ®ç¼–å·',
  `rel_fee` decimal(10,2) NOT NULL COMMENT 'çº æ­£è´¹ç”¨',
  `status` enum('1','2') NOT NULL DEFAULT '1' COMMENT '1æœªå®¡æ ¸/2å·²å®¡æ ¸',
  `date` timestamp NOT NULL DEFAULT CURRENT_TIMESTAMP COMMENT 'åˆ›å»ºæ—¶é—´',
  PRIMARY KEY (`id`)
) ENGINE=MyISAM  DEFAULT CHARSET=gbk AUTO_INCREMENT=45 ;

--
-- è½¬å­˜è¡¨ä¸­çš„æ•°æ® `ldb_biil_order_list`
--

INSERT INTO `ldb_biil_order_list` (`id`, `work_order_id`, `type`, `go_time`, `arrival_time`, `start_place`, `arrival_place`, `transportation`, `transportation_fee`, `hotel_fee`, `food_fee`, `other_fee`, `memo`, `bill_no`, `rel_fee`, `status`, `date`) VALUES
(0, 4, '1', '11111', '222', '333', '444', 11, 666.00, 777.00, 888.00, 999.00, 'aaa', 'bbbb', 2500.00, '2', '2015-01-24 21:55:31'),
(6, 4, '0', '11111', '222', '333', '444', 11, 666.00, 777.00, 888.00, 999.00, 'aaa', 'aaa', 0.00, '2', '2015-01-24 22:34:00'),
(34, 4, '0', '11111', '222', '333', '444', 12, 666.00, 777.00, 888.00, 999.00, 'aaa', 'aaaa', 0.00, '1', '2015-01-24 23:36:12'),
(38, 4, '1', '11111', '222', '333', '444', 12, 666.00, 777.00, 888.00, 999.00, 'aaa', 'bbbb', 0.00, '1', '2015-01-25 00:01:49'),
(39, 5, '0', '1', '1', '1', '1', 11, 1.00, 1.00, 1.00, 1.00, '1', '1', 0.00, '1', '2015-01-26 23:05:21'),
(40, 5, '1', '1', '1', '1', '1', 12, 1.00, 1.00, 1.00, 1.00, '1', '1', 0.00, '1', '2015-01-26 23:05:22'),
(41, 9, '0', '2015-02-02 04:30:06', '2015-02-02 11:30:06', 'åŒ—äº¬', 'ä¸Šæµ·', 11, 1568.00, 798.00, 77.00, 56.00, 'ç¬¬ä¸€å¤©è´¹ç”¨', '123123', 0.00, '2', '2015-02-01 23:41:59'),
(42, 9, '0', '2015-02-05 04:30:06', '2015-02-05 11:30:06', 'åŒ—äº¬', 'ä¸Šæµ·', 12, 1668.00, 798.00, 77.00, 56.00, 'ç¬¬äºŒæ¬¡è´¹ç”¨', '456456', 0.00, '2', '2015-02-01 23:43:00'),
(43, 9, '1', '2015-02-03 04:30:06', '2015-02-03 11:30:06', 'ä¸Šæµ·', 'åŒ—äº¬', 11, 1668.00, 798.00, 77.00, 56.00, 'å›ç¨‹è´¹ç”¨', '999', 0.00, '2', '2015-02-01 23:43:48'),
(44, 9, '1', '2015-02-06 04:30:06', '2015-02-06 11:30:06', 'ä¸Šæµ·', 'åŒ—äº¬', 11, 1668.00, 0.00, 0.00, 79.00, 'å›ç¨‹ æ‰“è½¦è´¹ç”¨', '888', 0.00, '2', '2015-02-01 23:45:56');

-- --------------------------------------------------------

--
-- è¡¨çš„ç»“æ„ `ldb_check_event_list`
--

CREATE TABLE IF NOT EXISTS `ldb_check_event_list` (
  `id` int(11) NOT NULL AUTO_INCREMENT,
  `event_id` int(11) NOT NULL COMMENT 'æ—¶é—´id',
  `is_complain` enum('0','1') NOT NULL COMMENT '0æœªæŠ•è¯‰/1å·²æŠ•è¯‰',
  `status` enum('0','1') NOT NULL COMMENT '0æ— æ•ˆ/1æœ‰æ•ˆ',
  `performance_id` int(11) NOT NULL COMMENT 'ç»©æ•ˆå®Œæˆç‡id',
  `memo` varchar(500) NOT NULL COMMENT 'å¤‡æ³¨',
  `date` timestamp NOT NULL DEFAULT CURRENT_TIMESTAMP COMMENT 'æ·»åŠ /ä¿®æ”¹æ—¶é—´',
  PRIMARY KEY (`id`)
) ENGINE=MyISAM  DEFAULT CHARSET=gbk AUTO_INCREMENT=6 ;

--
-- è½¬å­˜è¡¨ä¸­çš„æ•°æ® `ldb_check_event_list`
--

INSERT INTO `ldb_check_event_list` (`id`, `event_id`, `is_complain`, `status`, `performance_id`, `memo`, `date`) VALUES
(1, 0, '1', '1', 0, 'æµ‹è¯•æµ‹è¯•', '2015-01-25 23:51:48'),
(5, 1, '1', '0', 14, 'sdf ', '2015-01-26 01:35:52');

-- --------------------------------------------------------

--
-- è¡¨çš„ç»“æ„ `ldb_ctl_list`
--

CREATE TABLE IF NOT EXISTS `ldb_ctl_list` (
  `id` int(11) NOT NULL AUTO_INCREMENT,
  `name` varchar(100) NOT NULL,
  `ctl_file` varchar(255) NOT NULL COMMENT 'æ§åˆ¶å™¨åç§°',
  `ctl_act` varchar(255) DEFAULT NULL COMMENT 'æ§åˆ¶å™¨åŠ¨ä½œ',
  `pid` int(11) NOT NULL DEFAULT '0' COMMENT 'ç»„id',
  `display` enum('0','1') NOT NULL DEFAULT '1' COMMENT 'å·¦è¾¹æ˜¾ç¤º',
  `istopmenu` enum('0','1') NOT NULL DEFAULT '0',
  `type` enum('ctl','business') NOT NULL DEFAULT 'ctl',
  `sort` int(11) DEFAULT NULL,
  PRIMARY KEY (`id`)
) ENGINE=InnoDB  DEFAULT CHARSET=utf8 AUTO_INCREMENT=29 ;

--
-- è½¬å­˜è¡¨ä¸­çš„æ•°æ® `ldb_ctl_list`
--

INSERT INTO `ldb_ctl_list` (`id`, `name`, `ctl_file`, `ctl_act`, `pid`, `display`, `istopmenu`, `type`, `sort`) VALUES
(1, 'ç™»å½•é¦–é¡µ', 'home', 'index', 0, '1', '0', 'ctl', NULL),
(2, 'é¦–é¡µä¸ªäººä¿¡æ¯', 'home', 'index', 1, '1', '0', 'ctl', NULL),
(3, 'ä¸ªäººè®¾ç½®', 'user', 'info', 1, '1', '0', 'ctl', NULL),
(4, 'è´¦æˆ·æ¨¡å—', '', NULL, 0, '1', '0', 'ctl', NULL),
(5, 'è´¦æˆ·æ·»åŠ ', 'user', 'add', 4, '1', '0', 'ctl', NULL),
(6, 'è´¦æˆ·ç®¡ç†', 'user', 'manage', 4, '1', '0', 'ctl', NULL),
(12, 'å¤–å‹¤æ¨¡å—', '', NULL, 0, '1', '0', 'ctl', NULL),
(13, 'äº‹ä»¶å¼€è®¾', 'event', 'index', 12, '1', '0', 'ctl', NULL),
(14, 'å·¥å•åˆ—è¡¨', 'event', 'event_list', 12, '1', '0', 'ctl', NULL),
(15, 'äº‹ä»¶å®¡æ ¸', 'event', 'event_check', 12, '1', '0', 'ctl', NULL),
(16, 'è´¹ç”¨å®¡æ ¸', 'event', 'cost_check', 12, '1', '0', 'ctl', NULL),
(17, 'äº‹ä»¶æŸ¥è¯¢', 'event', 'event_search', 12, '1', '0', 'ctl', NULL),
(18, 'äº‘æ¨¡å—', '', NULL, 0, '1', '0', 'ctl', NULL),
(19, 'æ•°æ®ä¸‹è½½', 'cloud', 'doc_download', 18, '1', '0', 'ctl', NULL),
(20, 'ç»©æ•ˆæŸ¥è¯¢', '', NULL, 0, '1', '0', 'ctl', NULL),
(21, 'ä¸šåŠ¡æŸ¥è¯¢', 'search', 'data_search', 20, '1', '0', 'ctl', NULL),
(22, 'æ•°æ®å¯¼å‡º', 'search', 'data_export', 20, '1', '0', 'ctl', NULL),
(23, 'åå°æ¨¡å—', '', NULL, 0, '1', '0', 'ctl', NULL),
(24, 'è§’è‰²ç®¡ç†', 'system', 'role_list', 23, '1', '0', 'ctl', NULL),
(25, 'åŸºç¡€ä¿¡æ¯è®¾ç½®', 'system', 'setting_list', 23, '1', '0', 'ctl', NULL),
(26, 'äº‹ä»¶ç±»å‹/æ•…éšœåˆ†ç±»', 'system', 'event_list', 23, '1', '0', 'ctl', NULL),
(27, 'æ—¶é—´è®¾å®š', 'system', 'event_list', 23, '1', '0', 'ctl', NULL),
(28, 'æ–‡æ¡£ç®¡ç†', 'system', 'doc_list', 23, '1', '0', 'ctl', NULL);

-- --------------------------------------------------------

--
-- è¡¨çš„ç»“æ„ `ldb_date_setting`
--

CREATE TABLE IF NOT EXISTS `ldb_date_setting` (
  `id` int(11) NOT NULL AUTO_INCREMENT,
  `type` enum('holiday','work_time') NOT NULL DEFAULT 'holiday' COMMENT 'ç±»å‹,holidayå‡æœŸ/work_timeå·¥ä½œæ—¶é—´',
  `name` varchar(50) NOT NULL COMMENT 'åç§°',
  `value` varchar(50) NOT NULL COMMENT 'å€¼',
  `date` timestamp NOT NULL DEFAULT CURRENT_TIMESTAMP COMMENT 'æ’å…¥æ—¶é—´',
  PRIMARY KEY (`id`)
) ENGINE=MyISAM  DEFAULT CHARSET=gbk AUTO_INCREMENT=4 ;

--
-- è½¬å­˜è¡¨ä¸­çš„æ•°æ® `ldb_date_setting`
--

INSERT INTO `ldb_date_setting` (`id`, `type`, `name`, `value`, `date`) VALUES
(1, 'holiday', 'å…¬å¸å‡æœŸ1', '2015-02-05', '2015-02-01 16:36:28');

-- --------------------------------------------------------

--
-- è¡¨çš„ç»“æ„ `ldb_doc_list`
--

CREATE TABLE IF NOT EXISTS `ldb_doc_list` (
  `id` int(11) NOT NULL AUTO_INCREMENT,
  `name` varchar(50) NOT NULL COMMENT 'æ–‡æ¡£åç§°',
  `look` int(11) NOT NULL DEFAULT '0' COMMENT 'æµè§ˆæ¬¡æ•°',
  `download` int(11) NOT NULL DEFAULT '0' COMMENT 'ä¸‹è½½æ¬¡æ•°',
  `type` varchar(50) NOT NULL COMMENT 'æ–‡ä»¶ç±»å‹',
  `path` varchar(50) NOT NULL COMMENT 'æ–‡æ¡£å­˜æ”¾è·¯å¾„',
  `date` timestamp NOT NULL DEFAULT CURRENT_TIMESTAMP,
  PRIMARY KEY (`id`)
) ENGINE=MyISAM  DEFAULT CHARSET=gbk AUTO_INCREMENT=7 ;

--
-- è½¬å­˜è¡¨ä¸­çš„æ•°æ® `ldb_doc_list`
--

INSERT INTO `ldb_doc_list` (`id`, `name`, `look`, `download`, `type`, `path`, `date`) VALUES
(5, 'é—®é¢˜åˆ—è¡¨', 5, 0, '', './upload/doc/1_1423101007.pdf', '2015-02-05 09:50:07'),
(6, 'ç™»å½•æ˜¾ç¤º', 1, 3, '', './upload/doc/1_1423101045.pdf', '2015-02-05 09:50:45');

-- --------------------------------------------------------

--
-- è¡¨çš„ç»“æ„ `ldb_event_list`
--

CREATE TABLE IF NOT EXISTS `ldb_event_list` (
  `id` int(11) NOT NULL AUTO_INCREMENT,
  `member_id` int(11) NOT NULL COMMENT 'ä¼šå‘˜id',
  `department_id` int(11) NOT NULL COMMENT 'éƒ¨é—¨id',
  `user_id` int(11) NOT NULL COMMENT 'ç”¨æˆ·ID',
  `event_type_id` int(11) NOT NULL COMMENT 'äº‹ä»¶ç±»å‹id',
  `work_type` enum('0','1') NOT NULL DEFAULT '0' COMMENT '0éé©»æ´¾/1é©»æ´¾',
  `desc` varchar(500) NOT NULL COMMENT 'æè¿°',
  `worktime_id` int(11) NOT NULL COMMENT 'å·¥ä½œæ—¥åŒºé—´id',
  `event_time` varchar(255) NOT NULL COMMENT 'äº‹ä»¶æ—¶é—´',
  `event_month` varchar(20) NOT NULL COMMENT 'äº‹ä»¶æœˆä»½',
  `status` enum('1','2','3') NOT NULL DEFAULT '1' COMMENT '1å¾…æ·»åŠ ï¼Œ2å¾…å®¡æ ¸ï¼Œ3å·²å®¡æ ¸',
  `cost_status` enum('1','2','3') NOT NULL DEFAULT '1' COMMENT '1æœªå®¡æ ¸/2å¾…æŠ¥é”€/3å·²æŠ¥é”€',
  `is_complain` enum('0','1') NOT NULL DEFAULT '0' COMMENT '0æœªæŠ•è¯‰/1å·²æŠ•è¯‰',
  `event_status` enum('0','1') NOT NULL DEFAULT '1' COMMENT '0æ— æ•ˆ/1æœ‰æ•ˆ',
  `performance_id` int(11) NOT NULL DEFAULT '0' COMMENT 'ç»©æ•ˆå®Œæˆç‡id',
  `memo` varchar(500) NOT NULL COMMENT 'å¤‡æ³¨',
  `date` timestamp NOT NULL DEFAULT CURRENT_TIMESTAMP COMMENT 'æ·»åŠ æ—¶é—´',
  PRIMARY KEY (`id`)
) ENGINE=MyISAM  DEFAULT CHARSET=gbk AUTO_INCREMENT=57 ;

--
-- è½¬å­˜è¡¨ä¸­çš„æ•°æ® `ldb_event_list`
--

INSERT INTO `ldb_event_list` (`id`, `member_id`, `department_id`, `user_id`, `event_type_id`, `work_type`, `desc`, `worktime_id`, `event_time`, `event_month`, `status`, `cost_status`, `is_complain`, `event_status`, `performance_id`, `memo`, `date`) VALUES
(1, 1, 4, 7, 2, '0', 'sadfADS', 7, '2015-01-18', '2015-01', '3', '3', '0', '1', 15, 'åå¤§å‘ç”Ÿå‘', '2015-01-17 16:32:50'),
(2, 2, 4, 7, 2, '0', 'æ’’æ—¦å‘', 7, '2015-01-20', '2015-01', '1', '3', '0', '1', 0, '0', '2015-01-17 16:34:10'),
(3, 1, 2, 1, 2, '0', 'æ’’æ—¦å‘æ’’æ—¦å‘', 8, '2015-01-14', '2015-01', '1', '1', '0', '1', 0, '0', '2015-01-17 16:34:32'),
(4, 1, 2, 1, 3, '1', 'é©»æ´¾æµ‹è¯•', 7, '2015-01-20', '2015-01', '1', '1', '0', '1', 0, '0', '2015-01-20 23:56:11'),
(5, 1, 2, 1, 3, '1', 'æ’’æ—¦é£æ´’å‘', 7, '2015-01-27', '2015-01', '1', '1', '0', '1', 0, '0', '2015-01-27 23:47:42'),
(6, 2, 4, 1, 3, '1', 'é˜¿æ–¯é¡¿å‘', 7, '2015-01-31 11:30:37', '2015-01', '3', '1', '0', '1', 0, '', '2015-01-31 14:32:11'),
(8, 3, 2, 1, 3, '1', 'ç½‘ç»œéƒ¨ç½²', 7, '2015-02-01 02:05:50', '2015-02', '3', '3', '0', '1', 0, '', '2015-02-01 14:52:12'),
(9, 3, 2, 1, 2, '0', 'asdf ', 7, '2015-01-28', '2015-01', '3', '1', '1', '0', 13, '11111', '2015-02-01 15:35:28'),
(10, 3, 2, 1, 3, '1', 'æ­£å¼æµ‹è¯•1', 7, '2015-02-01', '2015-02', '3', '3', '1', '0', 13, '111', '2015-02-01 16:36:40'),
(11, 3, 2, 1, 3, '1', 'æ­£å¼æµ‹è¯•1', 7, '2015-02-02', '2015-02', '1', '3', '0', '1', 0, '', '2015-02-01 16:36:40'),
(12, 3, 2, 1, 3, '1', 'æ­£å¼æµ‹è¯•1', 7, '2015-02-03', '2015-02', '1', '3', '0', '1', 0, '', '2015-02-01 16:36:40'),
(13, 3, 2, 1, 3, '1', 'æ­£å¼æµ‹è¯•1', 7, '2015-02-04', '2015-02', '1', '3', '0', '1', 0, '', '2015-02-01 16:36:40'),
(14, 3, 2, 1, 3, '1', 'æ­£å¼æµ‹è¯•1', 7, '2015-02-06', '2015-02', '1', '3', '0', '1', 0, '', '2015-02-01 16:36:40'),
(15, 3, 2, 1, 3, '1', 'æ­£å¼æµ‹è¯•1', 7, '2015-02-07', '2015-02', '1', '3', '0', '1', 0, '', '2015-02-01 16:36:40'),
(16, 3, 2, 1, 3, '1', 'æ­£å¼æµ‹è¯•1', 7, '2015-02-08', '2015-02', '1', '3', '0', '1', 0, '', '2015-02-01 16:36:40'),
(17, 3, 2, 1, 3, '1', 'æ­£å¼æµ‹è¯•1', 7, '2015-02-09', '2015-02', '1', '3', '0', '1', 0, '', '2015-02-01 16:36:40'),
(18, 3, 2, 1, 3, '1', 'æ­£å¼æµ‹è¯•1', 7, '2015-02-10', '2015-02', '1', '3', '0', '1', 0, '', '2015-02-01 16:36:40'),
(19, 3, 2, 1, 3, '1', 'æ­£å¼æµ‹è¯•1', 7, '2015-02-11', '2015-02', '2', '3', '0', '1', 0, '', '2015-02-01 16:36:40'),
(20, 3, 2, 1, 3, '1', 'æ­£å¼æµ‹è¯•1', 7, '2015-02-01', '2015-02', '1', '3', '0', '1', 0, '', '2015-02-01 16:38:23'),
(21, 3, 2, 1, 3, '1', 'æ­£å¼æµ‹è¯•1', 7, '2015-02-02', '2015-02', '1', '3', '0', '1', 0, '', '2015-02-01 16:38:23'),
(22, 3, 2, 1, 3, '1', 'æ­£å¼æµ‹è¯•1', 7, '2015-02-03', '2015-02', '1', '3', '0', '1', 0, '', '2015-02-01 16:38:23'),
(23, 3, 2, 1, 3, '1', 'æ­£å¼æµ‹è¯•1', 7, '2015-02-04', '2015-02', '1', '3', '0', '1', 0, '', '2015-02-01 16:38:23'),
(24, 3, 2, 1, 3, '1', 'æ­£å¼æµ‹è¯•1', 7, '2015-02-06', '2015-02', '1', '3', '0', '1', 0, '', '2015-02-01 16:38:23'),
(25, 3, 2, 1, 3, '1', 'æ­£å¼æµ‹è¯•1', 7, '2015-02-07', '2015-02', '1', '3', '0', '1', 0, '', '2015-02-01 16:38:23'),
(26, 3, 2, 1, 3, '1', 'æ­£å¼æµ‹è¯•1', 7, '2015-02-08', '2015-02', '1', '3', '0', '1', 0, '', '2015-02-01 16:38:23'),
(27, 3, 2, 1, 3, '1', 'æ­£å¼æµ‹è¯•1', 7, '2015-02-09', '2015-02', '1', '3', '0', '1', 0, '', '2015-02-01 16:38:23'),
(28, 3, 2, 1, 3, '1', 'æ­£å¼æµ‹è¯•1', 7, '2015-02-10', '2015-02', '1', '3', '0', '1', 0, '', '2015-02-01 16:38:23'),
(29, 3, 2, 1, 3, '1', 'æ­£å¼æµ‹è¯•1', 7, '2015-02-11', '2015-02', '1', '3', '0', '1', 0, '', '2015-02-01 16:38:23'),
(30, 3, 2, 1, 3, '1', 'æ­£å¼æµ‹è¯•1', 7, '2015-02-02', '2015-02', '1', '3', '0', '1', 0, '', '2015-02-01 16:39:16'),
(31, 3, 2, 1, 3, '1', 'æ­£å¼æµ‹è¯•1', 7, '2015-02-03', '2015-02', '1', '3', '0', '1', 0, '', '2015-02-01 16:39:16'),
(32, 3, 2, 1, 3, '1', 'æ­£å¼æµ‹è¯•1', 7, '2015-02-04', '2015-02', '1', '3', '0', '1', 0, '', '2015-02-01 16:39:16'),
(33, 3, 2, 1, 3, '1', 'æ­£å¼æµ‹è¯•1', 7, '2015-02-06', '2015-02', '1', '3', '0', '1', 0, '', '2015-02-01 16:39:16'),
(34, 3, 2, 1, 3, '1', 'æ­£å¼æµ‹è¯•1', 7, '2015-02-09', '2015-02', '1', '3', '0', '1', 0, '', '2015-02-01 16:39:16'),
(35, 3, 2, 1, 3, '1', 'æ­£å¼æµ‹è¯•1', 7, '2015-02-10', '2015-02', '1', '3', '0', '1', 0, '', '2015-02-01 16:39:16'),
(36, 3, 2, 1, 3, '1', 'æ­£å¼æµ‹è¯•1', 7, '2015-02-11', '2015-02', '1', '3', '0', '1', 0, '', '2015-02-01 16:39:16'),
(37, 3, 2, 1, 3, '1', 'æ­£å¼æµ‹è¯•1', 7, '2015-02-02', '2015-02', '1', '3', '0', '1', 0, '', '2015-02-01 16:45:04'),
(38, 3, 2, 1, 3, '1', 'æ­£å¼æµ‹è¯•1', 7, '2015-02-03', '2015-02', '1', '3', '0', '1', 0, '', '2015-02-01 16:45:04'),
(39, 3, 2, 1, 3, '1', 'æ­£å¼æµ‹è¯•1', 7, '2015-02-04', '2015-02', '1', '3', '0', '1', 0, '', '2015-02-01 16:45:04'),
(40, 3, 2, 1, 3, '1', 'æ­£å¼æµ‹è¯•1', 7, '2015-02-05', '2015-02', '1', '3', '0', '1', 0, '', '2015-02-01 16:45:04'),
(41, 3, 2, 1, 3, '1', 'æ­£å¼æµ‹è¯•1', 7, '2015-02-06', '2015-02', '1', '3', '0', '1', 0, '', '2015-02-01 16:45:04'),
(42, 3, 2, 1, 3, '1', 'æ­£å¼æµ‹è¯•1', 7, '2015-02-09', '2015-02', '1', '3', '0', '1', 0, '', '2015-02-01 16:45:04'),
(43, 3, 2, 1, 3, '1', 'æ­£å¼æµ‹è¯•1', 7, '2015-02-10', '2015-02', '1', '3', '0', '1', 0, '', '2015-02-01 16:45:04'),
(44, 3, 2, 1, 3, '1', 'æ­£å¼æµ‹è¯•1', 7, '2015-02-11', '2015-02', '1', '3', '0', '1', 0, '', '2015-02-01 16:45:04'),
(45, 3, 2, 1, 3, '1', 'æ­£å¼æµ‹è¯•1', 7, '2015-02-02', '2015-02', '1', '3', '0', '1', 0, '', '2015-02-01 16:48:54'),
(46, 3, 2, 1, 3, '1', 'æ­£å¼æµ‹è¯•1', 7, '2015-02-04', '2015-02', '1', '3', '0', '1', 0, '', '2015-02-01 16:48:54'),
(47, 3, 2, 1, 3, '1', 'æ­£å¼æµ‹è¯•1', 7, '2015-02-06', '2015-02', '1', '3', '0', '1', 0, '', '2015-02-01 16:48:54'),
(48, 3, 2, 1, 3, '1', 'æ­£å¼æµ‹è¯•1', 7, '2015-02-09', '2015-02', '1', '3', '0', '1', 0, '', '2015-02-01 16:48:54'),
(49, 3, 2, 1, 3, '1', 'æ­£å¼æµ‹è¯•1', 7, '2015-02-10', '2015-02', '1', '3', '0', '1', 0, '', '2015-02-01 16:48:54'),
(50, 3, 2, 1, 3, '1', 'æ­£å¼æµ‹è¯•1', 7, '2015-02-11', '2015-02', '1', '3', '0', '1', 0, '', '2015-02-01 16:48:54'),
(51, 3, 2, 1, 3, '1', 'æ­£å¼æµ‹è¯•1', 7, '2015-02-02', '2015-02', '1', '3', '0', '1', 0, '', '2015-02-01 16:49:40'),
(52, 3, 2, 1, 3, '1', 'æ­£å¼æµ‹è¯•1', 7, '2015-02-04', '2015-02', '1', '3', '0', '1', 0, '', '2015-02-01 16:49:40'),
(53, 3, 2, 1, 3, '1', 'æ­£å¼æµ‹è¯•1', 7, '2015-02-06', '2015-02', '1', '3', '0', '1', 0, '', '2015-02-01 16:49:40'),
(54, 3, 2, 1, 3, '1', 'æ­£å¼æµ‹è¯•1', 7, '2015-02-09', '2015-02', '1', '3', '0', '1', 0, '', '2015-02-01 16:49:40'),
(55, 3, 2, 1, 3, '1', 'æ­£å¼æµ‹è¯•1', 7, '2015-02-10', '2015-02', '1', '3', '0', '1', 0, '', '2015-02-01 16:49:40'),
(56, 3, 2, 1, 3, '1', 'æ­£å¼æµ‹è¯•1', 7, '2015-02-11', '2015-02', '1', '3', '0', '1', 0, '', '2015-02-01 16:49:40');

-- --------------------------------------------------------

--
-- è¡¨çš„ç»“æ„ `ldb_event_type_list`
--

CREATE TABLE IF NOT EXISTS `ldb_event_type_list` (
  `id` int(11) NOT NULL AUTO_INCREMENT,
  `name` varchar(100) NOT NULL,
  `department_id` varchar(100) NOT NULL,
  `display` enum('0','1') NOT NULL DEFAULT '1',
  `sort` int(11) DEFAULT NULL,
  PRIMARY KEY (`id`)
) ENGINE=InnoDB  DEFAULT CHARSET=utf8 AUTO_INCREMENT=6 ;

--
-- è½¬å­˜è¡¨ä¸­çš„æ•°æ® `ldb_event_type_list`
--

INSERT INTO `ldb_event_type_list` (`id`, `name`, `department_id`, `display`, `sort`) VALUES
(3, 'ç½‘ç»œéƒ¨ç½²', 'ä¿¡æ¯éƒ¨', '1', NULL),
(5, 'æ˜¯å¦', 'all', '1', NULL);

-- --------------------------------------------------------

--
-- è¡¨çš„ç»“æ„ `ldb_member`
--

CREATE TABLE IF NOT EXISTS `ldb_member` (
  `id` int(11) NOT NULL AUTO_INCREMENT,
  `code` varchar(50) NOT NULL COMMENT 'å®¢æˆ·ç¼–å·',
  `name` varchar(200) NOT NULL COMMENT 'å®¢æˆ·å…¨ç§°',
  `short_name` varchar(200) NOT NULL COMMENT 'å®¢æˆ·ç®€ç§°',
  `city` int(11) NOT NULL COMMENT 'åŸå¸‚id',
  `member_type` int(11) NOT NULL COMMENT 'å®¢æˆ·å±æ€§id',
  `addr` varchar(200) NOT NULL COMMENT 'åœ°å€',
  `bus` varchar(500) NOT NULL COMMENT 'å…¬äº¤/åœ°é“',
  `contacts` varchar(200) NOT NULL COMMENT 'å®¢æˆ·è”ç³»äºº',
  `mobile` varchar(50) NOT NULL COMMENT 'è”ç³»ç”µè¯',
  `fax` varchar(50) NOT NULL COMMENT 'ä¼ çœŸ',
  `project_man` varchar(50) NOT NULL COMMENT 'å·¥ç¨‹é¡¹ç›®è´Ÿè´£äºº',
  `project_mobile` varchar(50) NOT NULL COMMENT 'å·¥ç¨‹é¡¹ç›®è´Ÿè´£äººè”ç³»ç”µè¯',
  `business_man` varchar(50) NOT NULL COMMENT 'æ—¥å¸¸ä¸šåŠ¡è´Ÿè´£äºº',
  `business_mobile` varchar(50) NOT NULL COMMENT 'æ—¥å¸¸ä¸šåŠ¡è´Ÿè´£äººè”ç³»ç”µè¯',
  `addtime` timestamp NOT NULL DEFAULT CURRENT_TIMESTAMP COMMENT 'æ·»åŠ æ—¶é—´',
  PRIMARY KEY (`id`)
) ENGINE=InnoDB  DEFAULT CHARSET=utf8 AUTO_INCREMENT=4 ;

--
-- è½¬å­˜è¡¨ä¸­çš„æ•°æ® `ldb_member`
--

INSERT INTO `ldb_member` (`id`, `code`, `name`, `short_name`, `city`, `member_type`, `addr`, `bus`, `contacts`, `mobile`, `fax`, `project_man`, `project_mobile`, `business_man`, `business_mobile`, `addtime`) VALUES
(1, 'abc', 'å·¥è¡ŒåŒ—äº¬æ”¯è¡Œ', 'åŒ—äº¬æ”¯è¡Œ', 5, 10, '3é‡Œå±¯28å·', 'ä¸€å·çº¿3å·å‡ºå£ä¸€å·çº¿3å·å‡ºå£ä¸€å·çº¿3å·å‡ºå£ä¸€å·çº¿3å·å‡ºå£', 'å¼ ä¸‰', '111111', '2342342', 'æå››', '22222', 'ç‹äº”', '3333', '2015-01-04 15:55:31'),
(2, '111', 'æå››', 'å°æ', 6, 10, '1å·çº¿', '1å·çº¿', '1', '123132123', '1', '1', '123', '1', '1', '2015-01-08 23:09:53'),
(3, '001', 'æµ‹è¯•å®¢æˆ·1', 'æµ‹è¯•1', 6, 9, 'å¾æ±‡åŒº33å·', '1å·çº¿', 'ç‹æ€»', '11111', '2222', 'æå·¥', '33333', 'å¼ ç§˜', '4444', '2015-02-01 14:33:43');

-- --------------------------------------------------------

--
-- è¡¨çš„ç»“æ„ `ldb_setting_list`
--

CREATE TABLE IF NOT EXISTS `ldb_setting_list` (
  `id` int(11) NOT NULL AUTO_INCREMENT,
  `name` varchar(100) NOT NULL,
  `display` enum('0','1') NOT NULL DEFAULT '1',
  `type` enum('city','custom','department','worktime','performance','filetype','membertype','traffic','position') NOT NULL DEFAULT 'city',
  `sort` int(11) DEFAULT NULL,
  PRIMARY KEY (`id`)
) ENGINE=InnoDB  DEFAULT CHARSET=utf8 AUTO_INCREMENT=20 ;

--
-- è½¬å­˜è¡¨ä¸­çš„æ•°æ® `ldb_setting_list`
--

INSERT INTO `ldb_setting_list` (`id`, `name`, `display`, `type`, `sort`) VALUES
(2, 'å…¬å¸å‡æœŸ3', '1', '', NULL),
(4, 'ä¿¡æ¯éƒ¨', '1', 'department', NULL),
(5, 'åŒ—äº¬å¸‚', '1', 'city', NULL),
(6, 'ä¸Šæµ·å¸‚', '1', 'city', NULL),
(7, '09:00:00_17:00:00', '1', 'worktime', NULL),
(9, 'åˆ†è¡Œ', '1', 'membertype', NULL),
(10, 'æ”¯è¡Œ', '1', 'membertype', NULL),
(11, 'é£æœº', '1', 'traffic', NULL),
(12, 'ç«è½¦', '1', 'traffic', NULL),
(13, '100%', '1', 'performance', NULL),
(14, '90%', '1', 'performance', NULL),
(15, '50%', '1', 'performance', NULL),
(16, 'å·¥ç¨‹å¸ˆ', '1', 'position', NULL),
(17, 'ä¸»ç®¡', '1', 'position', NULL),
(18, 'ä¸šåŠ¡å‘˜', '1', 'position', NULL),
(19, 'ç»ç†', '1', 'position', NULL);

-- --------------------------------------------------------

--
-- è¡¨çš„ç»“æ„ `ldb_sms_captcha`
--

CREATE TABLE IF NOT EXISTS `ldb_sms_captcha` (
  `id` int(11) NOT NULL AUTO_INCREMENT,
  `uid` int(11) NOT NULL COMMENT 'ç”¨æˆ·ID',
  `captcha` varchar(25) NOT NULL COMMENT 'éªŒè¯ç ',
  `task_id` varchar(50) NOT NULL COMMENT 'çŸ­ä¿¡å‘é€ä»»åŠ¡ID',
  `status` enum('0','1') NOT NULL DEFAULT '1' COMMENT '0æ— æ•ˆ;1æœ‰æ•ˆ',
  `created` int(11) NOT NULL COMMENT 'ç”Ÿæˆæ—¶é—´æˆ³',
  PRIMARY KEY (`id`)
) ENGINE=InnoDB  DEFAULT CHARSET=utf8 AUTO_INCREMENT=7 ;

--
-- è½¬å­˜è¡¨ä¸­çš„æ•°æ® `ldb_sms_captcha`
--

INSERT INTO `ldb_sms_captcha` (`id`, `uid`, `captcha`, `task_id`, `status`, `created`) VALUES
(1, 1, 'aabbcc', '', '1', 2014),
(2, 1, 'ccddee', '', '1', 2011),
(3, 1, 'asdfadf', '', '1', 2013),
(4, 1, '192477', '233109', '1', 1417710112),
(5, 1, '897964', '233110', '1', 1417715857),
(6, 1, '381881', '233109', '1', 1427938783);

-- --------------------------------------------------------

--
-- è¡¨çš„ç»“æ„ `ldb_sms_setting`
--

CREATE TABLE IF NOT EXISTS `ldb_sms_setting` (
  `id` int(11) NOT NULL AUTO_INCREMENT,
  `userid` varchar(50) NOT NULL COMMENT 'çŸ­ä¿¡å¹³å°ç”¨ID',
  `account` varchar(50) NOT NULL COMMENT 'çŸ­ä¿¡å¹³å°å¸å·',
  `passwd` varchar(50) NOT NULL COMMENT 'çŸ­ä¿¡å¹³å°å¯†ç ',
  `url` varchar(255) NOT NULL COMMENT 'çŸ­ä¿¡å¹³å°åœ°å€',
  `status` enum('0','1') NOT NULL DEFAULT '1' COMMENT '0æ— æ•ˆ;1æœ‰æ•ˆ',
  PRIMARY KEY (`id`)
) ENGINE=InnoDB  DEFAULT CHARSET=utf8 AUTO_INCREMENT=2 ;

--
-- è½¬å­˜è¡¨ä¸­çš„æ•°æ® `ldb_sms_setting`
--

INSERT INTO `ldb_sms_setting` (`id`, `userid`, `account`, `passwd`, `url`, `status`) VALUES
(1, '1038', 'lcgm', '666888', 'http://115.238.169.140:9999/sms.aspx', '1');

-- --------------------------------------------------------

--
-- è¡¨çš„ç»“æ„ `ldb_user`
--

CREATE TABLE IF NOT EXISTS `ldb_user` (
  `id` int(11) NOT NULL AUTO_INCREMENT,
  `username` varchar(50) NOT NULL COMMENT 'ç”¨æˆ·å',
  `password` varchar(50) NOT NULL COMMENT 'å¯†ç ',
  `name` varchar(50) NOT NULL COMMENT 'å§“å',
  `roles` int(11) NOT NULL COMMENT 'ç”¨æˆ·è§’è‰²',
  `mobile` varchar(20) NOT NULL COMMENT 'æ‰‹æœºå·',
  `short_num` varchar(50) NOT NULL COMMENT 'ä¼ä¸šçŸ­å·',
  `department` varchar(50) NOT NULL COMMENT 'éƒ¨é—¨',
  `position` varchar(50) NOT NULL COMMENT 'èŒä½',
  `email` varchar(100) NOT NULL COMMENT 'ä¼ä¸šé‚®ç®±',
  `addr` int(11) NOT NULL COMMENT 'å·¥ä½œåœ°ç‚¹id',
  `work_type` enum('0','1') NOT NULL DEFAULT '1' COMMENT '0éé©»åœº/1é©»åœº',
  `expenses` float NOT NULL DEFAULT '0' COMMENT 'åŸºç¡€æŠ¥é”€ï¼Œå•ä½å…ƒ',
  `work_time` int(11) NOT NULL COMMENT 'ä¸Šä¸‹ç­æ—¶é—´id',
  `status` enum('0','1') NOT NULL DEFAULT '1' COMMENT '0ç¦»èŒ/1åœ¨èŒ',
  `img` varchar(200) NOT NULL COMMENT 'å›¾ç‰‡åœ°å€',
  `login_time` datetime NOT NULL,
  `created` timestamp NOT NULL DEFAULT CURRENT_TIMESTAMP COMMENT 'åˆ›å»ºæ—¶é—´',
  PRIMARY KEY (`id`),
  UNIQUE KEY `username` (`username`)
) ENGINE=InnoDB  DEFAULT CHARSET=utf8 AUTO_INCREMENT=11 ;

--
-- è½¬å­˜è¡¨ä¸­çš„æ•°æ® `ldb_user`
--

INSERT INTO `ldb_user` (`id`, `username`, `password`, `name`, `roles`, `mobile`, `short_num`, `department`, `position`, `email`, `addr`, `work_type`, `expenses`, `work_time`, `status`, `img`, `login_time`, `created`) VALUES
(1, 'admin', '21232f297a57a5a743894a0e4a801fc3', 'æµ‹è¯•1', 1, '13661850643', '13360', '4', '19', 'admin', 6, '0', 0, 8, '1', 'user_admin.jpg', '2014-12-03 23:26:47', '2014-12-03 15:26:47'),
(2, 'test', '098f6bcd4621d373cade4e832627b4f6', 'test', 1, '111', '222', '2', '17', '11@11', 6, '1', 0, 9, '1', '', '0000-00-00 00:00:00', '2014-12-10 16:40:14'),
(3, 'ä¸‰ä»£å¯Œè´µ ', '3d70ef0237e5b8ff729cc83277364056', 'é˜¿æ–¯é¡¿å‘', 1, 'é˜¿æ–¯é¡¿å‘', '', '4', '18', '', 5, '1', 0, 9, '1', 'user_.jpg', '0000-00-00 00:00:00', '2014-12-14 15:46:01'),
(7, 'é˜¿æ–¯é¡¿å‘ç”Ÿçš„', '9f10648f089cc3ba57c5ae46ba98e57a', 'é˜¿æ–¯é¡¿å‘ç”Ÿçš„', 3, 'é˜¿æ–¯é¡¿å‘', '', '4', '18', '', 5, '1', 0, 9, '1', 'user_é˜¿æ–¯é¡¿å‘ç”Ÿçš„.jpg', '0000-00-00 00:00:00', '2014-12-14 15:55:26'),
(8, 'test2', 'fb351247ccb4bcaeadb70cf72a957699', 'å•Š', 3, 'å•Š', 'å•Š', '4', ' 17', ' å•Š', 5, '0', 0, 9, '1', 'user_test2.jpg', '0000-00-00 00:00:00', '2014-12-15 16:27:37'),
(9, 'wangyi', '40c7bc25c943b9e8977636aafe5d69e9', 'ç‹ä¸€', 3, '1111', '111', '2', '17', '111@11.com', 6, '1', 99, 7, '1', 'user_wangyi.jpg', '0000-00-00 00:00:00', '2015-01-17 11:09:18'),
(10, 'test222', '098f6bcd4621d373cade4e832627b4f6', 'test', 5, '1', '1', '4', '19', 'ss@xx.com', 6, '0', 0, 7, '1', 'user_test222.jpg', '0000-00-00 00:00:00', '2015-02-10 16:20:13');

-- --------------------------------------------------------

--
-- è¡¨çš„ç»“æ„ `ldb_user_roles`
--

CREATE TABLE IF NOT EXISTS `ldb_user_roles` (
  `id` int(10) unsigned NOT NULL AUTO_INCREMENT,
  `role_name` varchar(100) NOT NULL,
  `role_memo` text NOT NULL,
  `permission` text,
  `disabled` enum('true','false') NOT NULL DEFAULT 'false',
  PRIMARY KEY (`id`)
) ENGINE=InnoDB  DEFAULT CHARSET=utf8 AUTO_INCREMENT=6 ;

--
-- è½¬å­˜è¡¨ä¸­çš„æ•°æ® `ldb_user_roles`
--

INSERT INTO `ldb_user_roles` (`id`, `role_name`, `role_memo`, `permission`, `disabled`) VALUES
(1, 'ç®¡ç†å‘˜', 'æœ‰æ‰€æœ‰æƒé™å•Šå•Š', 'a:9:{i:0;s:1:"1";i:1;s:1:"2";i:2;s:1:"3";i:3;s:1:"4";i:4;s:1:"5";i:5;s:1:"6";i:6;s:1:"7";i:7;s:1:"8";i:8;s:2:"10";}', 'false'),
(3, 'test', 'test', 'a:8:{i:0;s:1:"1";i:1;s:1:"2";i:2;s:1:"3";i:3;s:1:"5";i:4;s:1:"6";i:5;s:1:"8";i:6;s:1:"9";i:7;s:2:"10";}', 'false'),
(4, 'å•Šä»˜ç¬›å£°', 'å®Œå…¨è€Œ', 'a:1:{i:0;s:1:"9";}', 'false'),
(5, 'test22', 'test', 'a:21:{i:0;s:1:"1";i:1;s:1:"2";i:2;s:1:"3";i:3;s:1:"4";i:4;s:1:"5";i:5;s:1:"6";i:6;s:2:"12";i:7;s:2:"13";i:8;s:2:"14";i:9;s:2:"15";i:10;s:2:"16";i:11;s:2:"17";i:12;s:2:"20";i:13;s:2:"21";i:14;s:2:"22";i:15;s:2:"23";i:16;s:2:"24";i:17;s:2:"25";i:18;s:2:"26";i:19;s:2:"27";i:20;s:2:"28";}', 'false');

-- --------------------------------------------------------

--
-- è¡¨çš„ç»“æ„ `ldb_work_order_list`
--

CREATE TABLE IF NOT EXISTS `ldb_work_order_list` (
  `id` int(11) NOT NULL AUTO_INCREMENT,
  `event_id` int(11) NOT NULL COMMENT 'äº‹ä»¶id',
  `custom_department` varchar(200) NOT NULL COMMENT 'å®¢æˆ·éƒ¨é—¨',
  `arrive_time` datetime NOT NULL COMMENT 'åˆ°è¾¾æ—¶é—´',
  `back_time` datetime NOT NULL COMMENT 'ç¦»åœºæ—¶é—´',
  `symptom` text NOT NULL COMMENT 'æŠ¥ä¿®ç—‡çŠ¶',
  `failure_mode` enum('0','1','2') NOT NULL DEFAULT '0' COMMENT 'æ•…éšœåˆ†ç±»ï¼Œ0æ—¥å¸¸;1è½¯ä»¶;2ç¡¬ä»¶,é»˜è®¤0',
  `failure_level` enum('0','1','2') NOT NULL DEFAULT '0' COMMENT 'æ•…éšœç­‰çº§ï¼Œ0ä¸€çº§;1äºŒçº§;2ä¸‰çº§,é»˜è®¤0',
  `failure_analysis` text NOT NULL COMMENT 'æ•…éšœåˆ†æ',
  `risk_profile` text NOT NULL COMMENT 'é£é™©é¢„æµ‹',
  `solution` text NOT NULL COMMENT 'è§£å†³æ–¹æ¡ˆ',
  `desc` text NOT NULL COMMENT 'ä½¿ç”¨äººæè¿°',
  `schedule` enum('0','1','2') NOT NULL DEFAULT '0' COMMENT 'äº‹ä»¶åé¦ˆï¼Œ0å·²å®Œæˆ;1éƒ¨åˆ†å®Œæˆ;2æœªå®Œæˆï¼Œé»˜è®¤0',
  `memo` text NOT NULL COMMENT 'å¤‡æ³¨',
  `date` timestamp NOT NULL DEFAULT CURRENT_TIMESTAMP COMMENT 'æ—¶é—´',
  PRIMARY KEY (`id`),
  UNIQUE KEY `id_2` (`id`),
  KEY `id` (`id`),
  KEY `id_3` (`id`)
) ENGINE=MyISAM  DEFAULT CHARSET=gbk AUTO_INCREMENT=10 ;

--
-- è½¬å­˜è¡¨ä¸­çš„æ•°æ® `ldb_work_order_list`
--

INSERT INTO `ldb_work_order_list` (`id`, `event_id`, `custom_department`, `arrive_time`, `back_time`, `symptom`, `failure_mode`, `failure_level`, `failure_analysis`, `risk_profile`, `solution`, `desc`, `schedule`, `memo`, `date`) VALUES
(1, 3, '', '0000-00-00 00:00:00', '0000-00-00 00:00:00', '', '0', '0', '', '', '', '', '0', '', '0000-00-00 00:00:00'),
(4, 1, 'å‘ç”Ÿå¤§å¹…', '0000-00-00 00:00:00', '0000-00-00 00:00:00', 'è¨èŒƒå¾·', '0', '1', 'é˜¿æ–¯å¤§æ³•è¨æ³•æ˜¯å¦', 'å•Šæ’’æ—¦å‘æ’’æ—¦å‘æ’’æ—¦å‘è¨æ³•ä¸Šè®¿', 'é˜¿æ–¯é¡¿å‘ç”Ÿ', 'é˜¿æ–¯é¡¿å‘', '2', 'é˜¿æ–¯é¡¿å‘é€æ–¹æ’’å‘è¨æ³•ä¸Šè®¿è¨èŠ¬æ’’æ—¦å‘æ’’æ—¦å‘', '0000-00-00 00:00:00'),
(3, 1, 'æµ‹è¯•éƒ¨', '2015-01-15 00:00:00', '2015-01-15 00:00:00', 'æˆ‘é¢å¤´å·å³¨', '0', '0', 'å‡ºå¤§äº‹äº†', 'ä¸¥é‡', 'æ¢æœºå™¨', 'ä¸è¡Œå•¦', '0', 'å»é—®é¢å¤–ç¡®è®¤', '2015-01-27 00:00:00'),
(5, 2, '1', '0000-00-00 00:00:00', '0000-00-00 00:00:00', '1', '0', '0', '1', '1', '1', '1', '0', '1', '2015-01-05 00:00:00'),
(6, 6, '1', '0000-00-00 00:00:00', '0000-00-00 00:00:00', '1', '0', '1', '1', '1', '1', '1', '0', '1', '2015-01-14 00:00:00'),
(7, 5, 'è¿ç»´éƒ¨', '2015-01-31 10:45:47', '2015-01-31 22:50:31', 'æœºå™¨åäº†', '2', '2', 'ç”µæºçº¿æ–­äº†', 'é«˜', 'æ›´æ¢ç”µæºçº¿', 'é—®é¢˜ä¸å¤§', '2', 'ç¼ºè´§', '2015-02-01 00:00:00'),
(8, 5, 'è¿ç»´éƒ¨', '2015-01-31 10:45:47', '2015-01-31 22:50:31', 'æœºå™¨åäº†', '2', '2', 'ç”µæºçº¿æ–­äº†', 'é«˜', 'æ›´æ¢ç”µæºçº¿', 'é—®é¢˜ä¸å¤§', '2', 'ç¼ºè´§', '2015-02-02 00:00:00'),
(9, 19, 'å¹³å°éƒ¨', '2015-02-02 04:30:06', '2015-02-12 23:30:06', 'ç³»ç»Ÿé”™è¯¯', '1', '2', 'ç³»ç»Ÿé”™è¯¯', 'ç³»ç»Ÿé”™è¯¯', 'ç³»ç»Ÿé”™è¯¯', 'ç³»ç»Ÿé”™è¯¯', '0', 'ç³»ç»Ÿé”™è¯¯', '2015-02-16 00:00:00');
